[{"_allAttributes":null,"_properties":null,"_methods":null,"file":"/Users/inshrayaqoob/Documents/GetContactsList/force-app/main/default/lwc/contactList/contactList.js","metadata":{"decorators":[{"type":"wire","targets":[{"type":"method","name":"wiredContacts","static":{},"params":{},"adapter":{"name":"getContacts","reference":"@salesforce/apex/ContactController.getContacts"}}]},{"type":"track","targets":[{"name":"contacts","type":"property"}]}],"classMembers":[{"name":"contacts","type":"property","value":{"type":"object","value":{}},"decorator":"track","loc":{"start":{"line":13,"column":4},"end":{"line":16,"column":6}}},{"name":"columns","type":"property","loc":{"start":{"line":17,"column":4},"end":{"line":17,"column":22}}},{"name":"wiredContacts","type":"method","decorator":"wire","loc":{"start":{"line":19,"column":4},"end":{"line":29,"column":5}}},{"name":"refreshData","type":"method","loc":{"start":{"line":31,"column":4},"end":{"line":33,"column":5}}}],"declarationLoc":{"start":{"line":12,"column":0},"end":{"line":34,"column":1}},"doc":"","exports":[{"type":"ExportDefaultDeclaration"}]},"updatedAt":"2023-07-04T23:32:06.000Z"}]